old_path	new_path
/data/alice/ipardoza/.vscode	/data/alice/ipardoza/hf/project/scratch/.vscode
/data/alice/ipardoza/.vscodium-server	/data/alice/ipardoza/hf/project/scratch/.vscodium-server
/data/alice/ipardoza/AnalysisScripts	/data/alice/ipardoza/hf/project/archive/AnalysisScripts
/data/alice/ipardoza/Hadronization	/data/alice/ipardoza/hf/Hadronization
/data/alice/ipardoza/Hadronization-full-production	/data/alice/ipardoza/hf/project/runs/Hadronization-full-production
/data/alice/ipardoza/a2_config	/data/alice/ipardoza/hf/project/scratch/a2_config
/data/alice/ipardoza/a2_multiplicity	/data/alice/ipardoza/hf/project/runs/a2_multiplicity
/data/alice/ipardoza/a2_runs	/data/alice/ipardoza/hf/project/runs/a2_runs
/data/alice/ipardoza/a2_tools	/data/alice/ipardoza/hf/project/deploys/a2_tools
/data/alice/ipardoza/a2_variation	/data/alice/ipardoza/hf/project/runs/a2_variation
/data/alice/ipardoza/a2_variation_largest	/data/alice/ipardoza/hf/project/runs/a2_variation_largest
/data/alice/ipardoza/archive	/data/alice/ipardoza/hf/project/archive/archive
/data/alice/ipardoza/attic_e5_replicating_extractor_20260813	/data/alice/ipardoza/hf/project/archive/attic_e5_replicating_extractor_20260813
/data/alice/ipardoza/b4_mapping	/data/alice/ipardoza/hf/project/scratch/b4_mapping
/data/alice/ipardoza/b6_run	/data/alice/ipardoza/hf/project/runs/b6_run
/data/alice/ipardoza/campaign_closure_status.py	/data/alice/ipardoza/hf/project/archive/campaign_closure_status.py
/data/alice/ipardoza/chain_path_proof	/data/alice/ipardoza/hf/project/scratch/chain_path_proof
/data/alice/ipardoza/closure_runs	/data/alice/ipardoza/hf/project/runs/closure_runs
/data/alice/ipardoza/config	/data/alice/ipardoza/hf/project/archive/config
/data/alice/ipardoza/contract_compile_check	/data/alice/ipardoza/hf/project/scratch/contract_compile_check
/data/alice/ipardoza/determinism_control	/data/alice/ipardoza/hf/project/scratch/determinism_control
/data/alice/ipardoza/docs	/data/alice/ipardoza/hf/project/archive/docs
/data/alice/ipardoza/extract_final_two.out	/data/alice/ipardoza/hf/project/archive/extract_final_two.out
/data/alice/ipardoza/extractor_e5fix	/data/alice/ipardoza/hf/project/scratch/extractor_e5fix
/data/alice/ipardoza/f3_runs	/data/alice/ipardoza/hf/project/runs/f3_runs
/data/alice/ipardoza/f4_runs	/data/alice/ipardoza/hf/project/runs/f4_runs
/data/alice/ipardoza/f4b_runs	/data/alice/ipardoza/hf/project/runs/f4b_runs
/data/alice/ipardoza/figure_deploy_20260817	/data/alice/ipardoza/hf/project/deploys/figure_deploy_20260817
/data/alice/ipardoza/first_contact	/data/alice/ipardoza/hf/project/scratch/first_contact
/data/alice/ipardoza/fixcheck_20260818	/data/alice/ipardoza/hf/project/runs/fixcheck_20260818
/data/alice/ipardoza/gate_runs	/data/alice/ipardoza/hf/project/runs/gate_runs
/data/alice/ipardoza/guard_hook_src	/data/alice/ipardoza/hf/project/scratch/guard_hook_src
/data/alice/ipardoza/guard_hook_test	/data/alice/ipardoza/hf/project/scratch/guard_hook_test
/data/alice/ipardoza/hadronization	/data/alice/ipardoza/hf/project/archive/hadronization
/data/alice/ipardoza/hadronization-campaign-HF_100M_primaryGround_ccbb_v1-20260819.tar.gz	/data/alice/ipardoza/hf/project/archive/hadronization-campaign-HF_100M_primaryGround_ccbb_v1-20260819.tar.gz
/data/alice/ipardoza/hadronization-history-20260819.bundle	/data/alice/ipardoza/hf/project/archive/hadronization-history-20260819.bundle
/data/alice/ipardoza/hadronization_analysis	/data/alice/ipardoza/hf/hadronization_analysis
/data/alice/ipardoza/hadronization_merged	/data/alice/ipardoza/hf/hadronization_merged
/data/alice/ipardoza/hadronization_production	/data/alice/ipardoza/hf/hadronization_production
/data/alice/ipardoza/hadronization_v3_plotting_run	/data/alice/ipardoza/hf/project/deploys/hadronization_v3_plotting_run
/data/alice/ipardoza/m7_runs	/data/alice/ipardoza/hf/project/runs/m7_runs
/data/alice/ipardoza/m7b_runs	/data/alice/ipardoza/hf/project/runs/m7b_runs
/data/alice/ipardoza/measurements_v3	/data/alice/ipardoza/hf/project/runs/measurements_v3
/data/alice/ipardoza/measurements_v4	/data/alice/ipardoza/hf/project/runs/measurements_v4
/data/alice/ipardoza/merge_runs	/data/alice/ipardoza/hf/project/runs/merge_runs
/data/alice/ipardoza/poolrss_run01	/data/alice/ipardoza/hf/project/runs/poolrss_run01
/data/alice/ipardoza/poolsweep_run01	/data/alice/ipardoza/hf/project/runs/poolsweep_run01
/data/alice/ipardoza/proj6iii_run01	/data/alice/ipardoza/hf/project/runs/proj6iii_run01
/data/alice/ipardoza/proj6iii_v2	/data/alice/ipardoza/hf/project/scratch/proj6iii_v2
/data/alice/ipardoza/pythia_hang_repro	/data/alice/ipardoza/hf/project/scratch/pythia_hang_repro
/data/alice/ipardoza/pythia_stock_8317	/data/alice/ipardoza/hf/project/deploys/pythia_stock_8317
/data/alice/ipardoza/quarantine	/data/alice/ipardoza/hf/project/archive/quarantine
/data/alice/ipardoza/registry_baseline_build	/data/alice/ipardoza/hf/project/scratch/registry_baseline_build
/data/alice/ipardoza/rehash_run	/data/alice/ipardoza/hf/project/scratch/rehash_run
/data/alice/ipardoza/render_measure_v4.sh	/data/alice/ipardoza/hf/project/archive/render_measure_v4.sh
/data/alice/ipardoza/s4_run	/data/alice/ipardoza/hf/project/runs/s4_run
/data/alice/ipardoza/sigmab_runs	/data/alice/ipardoza/hf/project/runs/sigmab_runs
/data/alice/ipardoza/species_axis_fixture	/data/alice/ipardoza/hf/project/scratch/species_axis_fixture
/data/alice/ipardoza/species_ordinals_build	/data/alice/ipardoza/hf/project/scratch/species_ordinals_build
/data/alice/ipardoza/sys_plot_deploy	/data/alice/ipardoza/hf/project/deploys/sys_plot_deploy
/data/alice/ipardoza/sys_runs	/data/alice/ipardoza/hf/project/runs/sys_runs
/data/alice/ipardoza/sys_runs_plot5	/data/alice/ipardoza/hf/project/runs/sys_runs_plot5
/data/alice/ipardoza/sys_runs_plot6	/data/alice/ipardoza/hf/project/runs/sys_runs_plot6
/data/alice/ipardoza/systematics_deploy	/data/alice/ipardoza/hf/project/deploys/systematics_deploy
/data/alice/ipardoza/systematics_harvest	/data/alice/ipardoza/hf/systematics_harvest
/data/alice/ipardoza/systematics_regression	/data/alice/ipardoza/hf/project/deploys/systematics_regression
/data/alice/ipardoza/tune_runs	/data/alice/ipardoza/hf/project/runs/tune_runs
/data/alice/ipardoza/tune_runs_e5fix	/data/alice/ipardoza/hf/project/runs/tune_runs_e5fix
/data/alice/ipardoza/tune_runs_three	/data/alice/ipardoza/hf/project/runs/tune_runs_three
